kegg.code	taxa.id
hsa	9606
ptr	9598
pps	9597
ggo	9593
pon	9601
nle	61853
mcc	9544
mcf	9541
csab	60711
rro	61622
rbb	61621
cjc	9483
sbq	27679
mmu	10090
10098	10098
rno	10116
cge	10029
10036	10036
ngi	1026970
hgl	10181
10141	10141
ccan	51338
ocu	9986
tup	246437
cfa	9612
9612	9612
aml	9646
umr	29073
oro	9707
fca	9685
ptg	9694
aju	32536
bta	9913
bom	72004
biu	9915
9901	9901
phd	59538
chx	9925
9925	9925
oas	9940
ssc	9823
cfr	419612
cdk	9838
bacu	9767
lve	118797
oor	9733
ecb	9796
epz	9798
eai	9793
myb	109478
myd	225400
hai	186990
rss	89399
pale	9402
lav	9785
tmu	9778
mdo	13616
shr	9305
oaa	9258
gga	9031
mgp	9103
cjo	93934
apla	8839
acyg	8845
tgu	59729
gfr	48883
fab	59894
phi	181119
pmaj	9157
ccae	156563
ccw	181096
fpg	8954
fch	345164
clv	8932
egz	188379
aam	8822
asn	38654
amj	8496
pss	13735
cmy	8469
cpic	8479
acs	28377
pvt	103695
pbi	176946
8725	8725
8724	8724
8730	8730
88087	88087
8707	8707
gja	146911
xla	8355
xtr	8364
npr	125878
8387	8387
dre	7955
srx	307959
sanh	1608454
sgh	75366
ccar	7962
ipu	7998
amex	7994
tru	31033
tng	99883
lco	215358
ncc	8208
mze	106582
ola	8090
xma	8083
pret	8081
nfu	105023
kmr	37003
csem	244447
lcf	8187
sdu	41447
hcq	109280
bpec	150288
malb	43700
sasa	8030
otw	74940
8022	8022
els	8010
sfm	113540
7937	7937
lcm	7897
cmk	7868
bfo	7739
cin	7719
7729	7729
spu	7668
7656	7656
aplc	133434
sko	10224
dme	7227
dpo	7237
dan	7217
der	7220
dpe	7234
dse	7238
dsi	7240
dwi	7260
dya	7245
dgr	7222
dmo	7230
dvi	7244
mde	7370
7389	7389
aga	7165
aag	7159
cqu	7176
ame	7460
bim	132113
bter	30195
soc	13686
aec	103372
acep	12957
pbar	144034
hst	610380
dqu	609295
cfo	104421
lhu	83485
pgc	219809
pcf	91411
nvi	7425
mdl	69319
tca	7070
dpa	77166
102803	102803
nvl	110193
27446	27446
bmor	7091
dpl	13037
pmac	76193
prap	64459
haw	29058
179666	179666
pxy	51655
7137	7137
api	7029
dnx	143948
clec	79782
13249	13249
phu	121225
zne	136037
6984	6984
fcd	158441
dpx	6669
32278	32278
6715	6715
727944	727944
isc	6945
tut	32264
6853	6853
1551368	1551368
cel	6239
cbr	6238
nai	51031
bmy	6279
loa	7209
6253	6253
tsp	6334
hro	6412
lgi	225164
crg	29159
myi	6573
obi	37653
6637	6637
lak	7574
smm	6183
shx	6185
ovi	6198
egl	6210
nve	45351
epa	1720309
adf	70779
6136	6136
hmg	6087
6100	6100
tad	10228
aqu	400682
ath	3702
aly	59689
crb	81985
csat	90675
eus	72664
brp	3711
bna	3708
boe	3712
3712	3712
3726	3726
thj	28532
cpap	3649
3649	3649
4436	4436
28973	28973
cit	2711
cic	85681
135197	135197
2708	2708
37334	37334
55188	55188
37565	37565
tcc	3641
gra	29730
ghi	3635
3635	3635
29729	29729
dzi	66656
191224	191224
223751	223751
egr	71139
22663	22663
36903	36903
gmx	3847
3847	3847
pvu	3885
3885	3885
3884	3884
vra	157791
var	3914
3914	3914
ccaj	3821
225101	225101
mtr	3880
3880	3880
3879	3879
cam	3827
3864	3864
3888	3888
3908	3908
20406	20406
46348	46348
49827	49827
74613	74613
lja	34305
34305	34305
adu	130453
aip	130454
lang	3871
3870	3870
fve	57918
3747	3747
128735	128735
32247	32247
pper	3760
pmum	102107
pavi	42229
3755	3755
23207	23207
mdm	3750
pxb	225117
36599	36599
zju	326968
3483	3483
3486	3486
csv	3659
cmo	3656
3654	3654
mcha	3673
cmax	3661
cmos	3662
cpep	3663
3670	3670
3677	3677
190515	190515
rcu	3988
3988	3988
jcu	180498
hbr	3981
3981	3981
73154	73154
3983	3983
pop	3694
3694	3694
43335	43335
80863	80863
58228	58228
289672	289672
140968	140968
480358	480358
35941	35941
4006	4006
39984	39984
98588	98588
jre	51240
78630	78630
458696	458696
vvi	29760
103355	103355
sly	4081
4081	4081
spen	28526
62890	62890
4084	4084
sot	4113
4113	4113
4111	4111
cann	4072
4072	4072
4076	4076
35626	35626
4079	4079
nta	4097
4097	4097
nsy	4096
nto	4098
49451	49451
4102	4102
ini	35883
35883	35883
4121	4121
sind	4182
300843	300843
oeu	4146
4146	4146
55183	55183
41230	41230
28511	28511
48386	48386
39329	39329
39338	39338
190902	190902
29719	29719
241069	241069
34256	34256
39352	39352
28513	28513
180675	180675
268906	268906
226208	226208
38868	38868
396869	396869
38869	38869
587669	587669
39350	39350
41228	41228
65409	65409
4151	4151
542674	542674
76714	76714
13363	13363
34254	34254
4058	4058
4060	4060
84884	84884
38851	38851
55190	55190
137888	137888
13443	13443
49390	49390
114476	114476
77880	77880
han	4232
4232	4232
4233	4233
318068	318068
101596	101596
55670	55670
4224	4224
4228	4228
35608	35608
235357	235357
41568	41568
98504	98504
41492	41492
588669	588669
41496	41496
112408	112408
1805964	1805964
93496	93496
lsv	4236
4236	4236
13427	13427
72610	72610
190260	190260
ccav	4265
94286	94286
dcr	4039
79022	79022
48026	48026
4045	4045
4043	4043
271192	271192
4041	4041
4054	4054
44586	44586
237940	237940
19953	19953
16922	16922
3627	3627
992730	992730
296050	296050
4442	4442
bvg	161934
161934	161934
soe	3562
3562	3562
3559	3559
90527	90527
3544	3544
3570	3570
3538	3538
46901	46901
137221	137221
3999	3999
35974	35974
293154	293154
453088	453088
23013	23013
36749	36749
nnu	4432
33814	33814
258211	258211
35933	35933
93608	93608
3467	3467
54796	54796
3469	3469
3442	3442
85439	85439
150094	150094
osa	4530
dosa	4530
4530	4530
obr	4533
bdi	15368
ats	37682
4565	4565
4513	4513
4498	4498
4606	4606
sbi	4558
zma	4577
4577	4577
sita	4555
pda	42345
egu	51953
mus	4641
49577	49577
136217	136217
94328	94328
311405	311405
dct	142615
peq	78828
aof	4686
4686	4686
51501	51501
1540222	1540222
45385	45385
481016	481016
82528	82528
55501	55501
13306	13306
atr	13333
192326	192326
3406	3406
3311	3311
3316	3316
46220	46220
88032	88032
99806	99806
90345	90345
46611	46611
3329	3329
3330	3330
3332	3332
3353	3353
3339	3339
3352	3352
3348	3348
3355	3355
3357	3357
smo	88036
3252	3252
97234	97234
ppp	3218
3225	3225
3197	3197
cre	3055
3055	3055
vcn	3067
707317	707317
44745	44745
mng	145388
3088	3088
olu	242159
ota	70448
bpg	41875
mis	296587
mpp	38833
csl	248742
38881	38881
cvr	554065
apro	3075
cme	45157
gsl	130081
ccp	2769
153248	153248
35170	35170
sce	4932
4932	4932
ago	33169
erc	45285
kla	28985
28985	28985
kmx	4911
lth	381046
4934	4934
vpo	36033
zro	4956
cgr	5478
ncs	27288
ndi	27289
tpf	113608
tbl	1071379
tdl	4950
kaf	432096
ppa	460519
4927	4927
dha	4959
pic	4924
pgu	4929
spaa	340170
lel	36914
cal	5476
ctp	5482
cot	273371
cdu	42374
5480	5480
cten	2315449
yli	4952
203496	203496
clu	36911
clus	36911
caur	498019
slb	796027
75736	75736
ncr	5141
nte	40127
smp	5147
573841	573841
pan	5145
ttt	35720
mtm	78579
cthr	209285
mgr	318829
29850	29850
tmn	223192
ssck	29908
5116	5116
1214568	1214568
fgr	5518
fpu	101028
fvr	117187
5127	5127
fox	5507
5507	5507
nhe	140110
169388	169388
5514	5514
tre	51453
51453	51453
5547	5547
maw	92637
maj	568076
5111	5111
35717	35717
cmt	73501
176275	176275
plj	33203
124418	124418
5044	5044
val	1051613
vda	27337
cfj	710243
ela	97096
pfy	393283
ssl	5180
bfu	40559
40559	40559
mbe	698440
psco	149040
glz	101852
34373	34373
5539	5539
ani	162425
afm	746128
746128	746128
aor	5062
5062	5062
ang	5061
5061	5061
afv	5059
act	5057
nfi	36630
5053	5053
5060	5060
5067	5067
877550	877550
1549217	1549217
33178	33178
5068	5068
46472	46472
pcs	1108849
5076	5076
pdp	36651
5078	5078
70109	70109
5082	5082
69488	69488
cim	5501
cpw	199306
pbl	1048829
pbn	121759
ure	33188
abe	63400
tve	63417
aje	5037
pno	13684
65784	65784
pte	53485
bze	5017
bsc	45130
bor	101162
aalt	5599
48100	48100
38902	38902
137527	137527
5022	5022
ztr	1047171
pfj	1873960
5499	5499
bcom	1709381
npa	310453
tml	39416
spo	4896
116607	116607
cne	5207
cnb	5207
5207	5207
cgi	37769
tms	5217
5421	5421
5554	5554
ppl	104341
tvs	5325
dsq	114155
pco	231932
5306	5306
5627	5627
5308	5308
shs	40492
hir	984962
psq	202698
adl	1331295
fme	208960
gtr	104355
lbc	29883
mpr	153609
mrr	221103
cci	5346
scm	5334
abp	5341
abv	5341
5341	5341
5400	5400
47427	47427
47429	47429
38945	38945
5323	5323
181762	181762
cput	80637
sla	85982
wse	1708541
wic	245174
uma	5270
pfp	84751
mgl	76773
pgr	5297
55588	55588
mlr	203908
5261	5261
ecu	6035
ein	58839
ehe	27973
ero	571949
nce	40302
72359	72359
4840	4840
mbr	81824
sre	946362
ddi	44689
dpp	5786
dfa	261658
5791	5791
ehi	5759
edi	46681
eiv	33085
acan	5755
pfa	5833
pfd	5833
pfh	5833
pyo	5861
pcb	5825
pbe	5821
pkn	5850
pvx	5855
pcy	5827
tan	5874
tpv	5875
tot	68886
beq	5872
bbo	5865
bmic	5868
cpv	5807
cho	237895
tgo	5811
tet	5911
5908	5908
ptm	5888
smin	1202447
160621	160621
pti	2850
fcy	186039
tps	35128
aaf	44056
ngd	72520
pif	4787
psoj	67593
spar	101203
ehx	2903
561169	561169
gtt	55529
tbr	5691
5691	5691
tcr	5693
5693	5693
lma	5664
5664	5664
lif	5671
ldo	5661
5661	5661
lmi	5665
lbz	5660
5656	5656
3039	3039
ngr	5762
tva	5722
gla	5741
eco	562
ecj	562
ecd	562
ebw	562
ecok	562
ece	562
ecs	562
ecf	562
etw	562
elx	562
eoj	562
eoi	562
eoh	562
ecoo	562
ecoh	562
ecg	562
eok	562
elr	562
eso	562
esm	562
esl	562
ecw	562
elh	562
eun	562
ecc	562
ecp	562
eci	562
ecv	562
ecx	562
ecm	562
ecy	562
ecr	562
ecq	562
eck	562
ect	562
eoc	562
eum	562
ecz	562
elo	562
eln	562
ese	562
ecl	562
ebr	562
ebd	562
eko	562
ekf	562
eab	562
edh	562
edj	562
eih	562
ena	562
elu	562
elw	562
ell	562
elc	562
eld	562
elp	562
ebl	562
ebe	562
elf	562
ecoa	562
ecol	562
ecoi	562
ecoj	562
ecos	562
562	562
efe	564
eal	208962
ema	1499973
sty	28901
stt	28901
sex	28901
sent	28901
stm	28901
seo	28901
sev	28901
sey	28901
sem	28901
sej	28901
seb	28901
sef	28901
setu	28901
setc	28901
senr	28901
send	28901
seni	28901
seen	28901
spt	28901
sek	28901
spq	28901
sei	28901
sec	28901
seh	28901
shb	28901
senh	28901
seeh	28901
see	28901
senn	28901
sew	28901
sea	28901
sens	28901
sed	28901
seg	28901
sel	28901
sega	28901
set	28901
sena	28901
seno	28901
senv	28901
senq	28901
senl	28901
senj	28901
seec	28901
seeb	28901
seep	28901
senb	28901
sene	28901
senc	28901
ses	28901
28901	28901
sbg	54736
sbz	54736
sbv	54736
644616	644616
sfl	623
sfx	623
sfv	623
sfe	623
sfn	623
sfs	623
sft	623
623	623
ssn	624
624	624
sbo	621
sbc	621
621	621
sdy	622
sdz	622
622	622
shq	1813821
1074431	1074431
1074432	1074432
1074433	1074433
1074434	1074434
1074435	1074435
1074436	1074436
1074437	1074437
ent	399742
enc	550
eno	550
eclo	550
eec	550
enl	550
eclg	550
ecle	550
ecln	550
ecli	550
550	550
eclx	158836
ecly	158836
eclz	158836
ehm	158836
exf	158836
ecla	158836
eclc	158836
158836	158836
eas	61645
eau	61645
61645	61645
ekb	208224
208224	208224
elg	299767
ecan	69218
ern	1812935
ecls	1812935
1619248	1619248
1445416	1445416
enr	1166130
enx	1560339
enf	1692238
881260	881260
291398	291398
1546034	1546034
esa	28141
csk	28141
csz	28141
csj	28141
ccon	1163710
cdm	413497
csi	413503
cmj	413503
cui	535744
cmw	413501
ctu	413502
kpn	573
kpu	573
kpm	573
kpp	573
kph	573
kpz	573
kpv	573
kpw	573
kpy	573
kpg	573
kpc	573
kpq	573
kpt	573
kpe	573
kpo	573
kpr	573
kpj	573
kpi	573
kpa	573
kps	573
kpx	573
kpb	573
kpne	573
kpnu	573
kpnk	573
573	573
kva	244366
kpk	244366
kvd	244366
kvq	244366
244366	244366
kox	1134687
koe	1134687
koy	1134687
kom	1134687
kmi	1134687
kok	571
koc	571
571	571
kqu	1463165
eae	548
ear	548
548	548
kqv	2026240
474576	474576
1727153	1727153
1182695	1182695
871235	871235
321150	321150
1263083	1263083
cko	545
545	545
cro	67825
cfd	546
546	546
cbra	57706
57706	57706
cwe	67827
67827	67827
cyo	133448
133448	133448
cama	35703
caf	35703
35703	35703
cif	1702170
cfar	67824
cir	1920110
cie	1703250
1367686	1367686
1236704	1236704
gqu	929813
bfl	203907
bpn	101534
bva	251535
bchr	251542
ben	1505597
bed	1505596
hde	138072
sect	1199245
sehc	134287
senm	1835721
rip	401619
rig	1719125
men	1048758
meo	1048758
ebt	563
ror	54291
ron	54291
rpln	575
rao	2259647
cnt	158822
cem	158822
cen	158822
pge	61647
esc	1334193
kle	1334193
ksa	1158459
kor	497725
krd	283686
kco	208223
kgo	73098
73098	73098
51288	51288
1491392	1491392
icp	168169
lax	83655
lei	1920114
leh	1920116
laz	61646
lef	1907578
lni	69220
lew	2153385
lpv	2172103
buf	2479367
sbw	1410383
den	1778262
hed	1778263
ged	1070130
cmik	1778264
ppet	472834
ebf	693444
ebc	1920109
ebu	2052938
psts	891974
ype	632
ypk	632
yph	632
ypa	632
ypn	632
ypm	632
ypp	632
ypg	632
ypz	632
ypt	632
ypd	632
ypx	632
ypw	632
ypj	632
ypv	632
ypl	632
yps	633
ypo	633
ypi	633
ypy	633
ypb	633
ypq	633
ypu	633
ypr	633
ypc	633
ypf	633
633	633
yen	630
yep	630
yey	630
yel	630
yew	630
yet	630
yef	630
yee	630
630	630
ysi	367190
yal	29483
yfr	29484
yin	631
ykr	28152
yro	29485
yru	29486
yrb	29486
yak	263819
yma	419257
spe	28151
srr	82996
srl	82996
sry	82996
sply	82996
srs	768490
sra	768493
ssz	138074
smaf	671990
smw	615
smar	615
smac	615
615	615
slq	614
serf	1327989
sers	488142
sfw	47917
sfg	47917
srz	61652
sera	104623
serm	2033438
616	616
sfo	1639108
rah	741091
raq	34038
raa	34038
rox	1805933
eca	29471
patr	29471
pato	29471
pct	554
pcc	554
pcv	554
554	554
pwa	1905730
ppar	1905730
pec	1905730
pws	55208
ppoa	2042057
sgl	63612
sod	1239307
pes	1486991
seny	1929246
dda	69223
ddd	204038
dze	556
556	556
ddc	204042
dzc	204042
dso	1089444
ced	1089444
ddq	204039
dfn	1778540
bgj	1109412
lbq	1082704
eta	338565
epy	79967
epr	79967
eam	552
eay	552
ebi	182337
erj	215689
ege	1619313
epe	55211
buc	9
bap	9
bau	9
baw	9
bajc	9
bua	9
bup	9
bak	9
buh	9
bapf	9
bapg	9
bapu	9
bapw	9
bas	9
bab	9
bcc	9
baj	9
baph	9
wbr	51229
wgl	51229
pam	553
plf	553
paj	553
paq	553
pva	470934
pagg	470934
pao	592316
kln	1076550
pant	1484158
panp	1484157
hhs	1235990
pck	1235990
pagc	549
549	549
pstw	66269
palh	1891675
pgz	665914
pcd	665913
tci	53336
tpty	82987
plu	2218628
plum	2218628
pay	291112
ptt	230089
pmr	584
pmib	584
pvl	584
584	584
pvg	585
585	585
217617	217617
xbo	40576
xbv	40576
xne	628
xnm	628
xdo	351671
xpo	40577
xho	351679
psi	588
psx	588
psta	588
588	588
prg	587
587	587
pala	126385
phei	333962
prq	2027290
235468	235468
mmk	582
582	582
asy	634113
aen	235559
eic	67780
etr	636
etd	636
ete	1821960
etc	1263550
edw	1578828
edl	1650654
eho	93378
hav	569
569	569
hpar	546367
opo	82983
pfq	82985
lri	158841
kin	1972431
pshi	703
hin	727
hit	727
hip	727
hiq	727
hif	727
hil	727
hiu	727
hie	727
hiz	727
hik	727
hia	727
hih	727
hiw	727
hic	727
hix	727
hpr	729
729	729
hdu	730
hay	712310
hap	738
hpaz	738
hpas	738
hpak	738
gle	2030797
hso	731
hsm	731
pmu	747
pmv	747
pul	747
pmp	747
pmul	747
747	747
pdag	754
msu	157673
mht	75985
mhq	75985
mhat	75985
mhx	75985
mhae	75985
mham	75985
mhao	75985
mhal	75985
mhaq	75985
mhay	75985
mvr	1432056
mvi	85404
mvg	85404
mve	85404
apl	715
apj	715
apa	715
asu	67854
asi	716
ass	716
aeu	718
apor	189834
aap	732
aaz	732
aat	714
aao	714
aan	714
aah	714
aacn	714
aact	714
714	714
gan	750
750	750
bto	47735
btre	47735
btrh	47735
btra	47735
xfa	2371
xft	2371
xfm	2371
xfn	2371
xff	2371
xfl	2371
xfs	2371
xfh	2371
xtw	1444770
xcc	339
xcb	339
xca	339
xcp	339
339	339
xcv	456327
xax	456327
xac	346
xci	346
xct	346
xcj	346
xcu	346
xcn	346
xcw	346
xcr	346
xcm	346
xcf	346
xfu	346
xao	53413
xoo	347
xom	347
xop	347
xoy	347
xor	347
xoz	347
xal	29447
xsa	56458
xtn	343
xfr	48664
xga	90270
xve	56460
xpe	442694
xhr	56454
xph	1985254
xva	56459
230757	230757
sml	40324
smt	40324
buj	40324
smz	40324
40324	40324
sacz	128780
stek	1793721
srh	216778
slm	1904944
sten	2005046
stem	1827305
psu	314722
psuw	314722
psd	415229
lab	84531
laq	84531
lcp	435897
lgu	262324
lez	69
lem	69
69	69
lmb	1605891
lyt	2290922
lum	2006110
lue	2172536
fau	81475
rhd	666685
dji	1379159
dja	231455
dtx	445710
dko	323415
lrz	242606
xba	2021234
vch	666
vcf	666
vcs	666
vce	666
vcq	666
vcj	666
vci	666
vco	666
vcr	666
vcm	666
vcl	666
vcx	666
vcz	666
666	666
vvu	672
vvy	672
vvm	672
vvl	672
vpa	670
vpb	670
vpk	670
vpf	670
vph	670
670	670
vha	680
vca	680
vag	663
vex	150340
vdb	50719
vhr	669
669	669
vna	691
vow	696485
vro	190895
vsp	212663
vej	1116375
vfu	29494
29494	29494
vni	28173
van	55601
lag	55601
vau	55601
55601	55601
vcy	190893
vct	190893
vtu	29498
vfl	676
676	676
vmi	674
vbr	553239
vsc	45658
vga	687
vsh	689
vqi	2025808
vta	52443
671	671
159729	159729
98227	98227
vfi	668
vfm	668
vsa	40269
awd	80852
ppr	74109
pgb	1295392
pds	38293
gho	673
pmai	1755811
pae	287
paev	287
paei	287
pau	287
pap	287
pag	287
paf	287
pnc	287
paeb	287
pdk	287
psg	287
prp	287
paep	287
paer	287
paem	287
pael	287
paes	287
paeu	287
paeg	287
paec	287
paeo	287
287	287
pmy	300
pmk	300
pre	53412
ppse	330
330	330
palc	43263
43263	43263
pcq	53408
ppu	303
ppf	303
ppg	303
ppw	303
ppt	303
ppb	303
ppi	303
ppx	303
ppuh	303
pput	303
ppun	303
ppud	303
303	303
pfv	47880
pmon	76759
pmot	76759
pmos	1306993
ppj	70775
por	47885
pst	251701
psb	317
psyr	317
317	317
psp	29438
29438	29438
pamg	47877
pci	36746
pavl	46257
pfl	380021
pprc	380021
ppro	380021
pfo	294
pfs	294
pfe	294
pfc	294
pfn	294
pfw	294
pff	294
pfx	294
294	294
ppz	200451
pfb	47883
pman	75612
ptv	200450
pcg	47879
pvr	76761
pazo	47878
47878	47878
poi	76758
pen	312306
psa	316
psz	316
psr	316
psc	316
psj	316
psh	316
pstu	316
pstt	316
316	316
pbm	74829
pba	930166
pbc	930166
ppuu	1207075
pdr	1294143
psv	69328
psk	1415630
pkc	65741
pch	587753
pcz	587753
pcp	587753
587753	587753
pfz	296
plq	86185
palk	237609
prh	216142
psw	157783
ppv	157782
pses	1028989
psem	1611770
psec	1649877
ppsy	1788301
psos	1500686
pkr	198620
pfk	104087
panr	219572
ppsl	237610
pset	1856685
psil	1853130
53406	53406
882211	882211
43306	43306
47881	47881
765715	765715
163360	163360
879273	879273
258476	258476
266807	266807
430441	430441
165468	165468
1573452	1573452
306	306
avn	354
avl	354
avd	354
acx	353
pbb	1697053
par	334543
pcr	330922
prw	349106
pso	571800
pur	45610
pali	261164
pspg	1699622
psyg	1699624
psyc	1028416
psya	1720344
psyy	2203895
256325	256325
acb	470
abm	470
aby	470
abc	470
abn	470
abb	470
abx	470
abz	470
abr	470
abd	470
abh	470
abad	470
abj	470
abab	470
abaj	470
abaz	470
abk	470
abau	470
abaa	470
abw	470
abal	470
470	470
acc	48296
48296	48296
ano	106654
106654	106654
alc	1785128
acal	471
471	471
72607	72607
acd	1148157
aci	62977
62977	62977
att	1646498
aei	1324350
ajo	40214
40214	40214
acw	1809055
acv	1407071
ahl	29430
29430	29430
ajn	40215
asol	487316
487316	487316
ala	1789224
asj	108981
108981	108981
aid	756892
adv	1871111
arj	40216
40216	40216
106648	106648
1435036	1435036
202951	202951
280145	280145
70348	70348
70347	70347
202952	202952
106649	106649
28090	28090
134533	134533
70349	70349
70350	70350
1217701	1217701
1217707	1217707
1217703	1217703
70351	70351
1144662	1144662
1144670	1144670
1144672	1144672
1217694	1217694
1144673	1144673
1217700	1217700
40373	40373
309867	309867
1882739	1882739
1882738	1882738
1882740	1882740
93373	93373
1217697	1217697
1217702	1217702
1217708	1217708
1217706	1217706
1217692	1217692
1217698	1217698
1217688	1217688
1217712	1217712
1217713	1217713
520708	520708
278934	278934
70346	70346
52133	52133
1182652	1182652
mct	480
mcs	480
mcat	480
moi	29433
mos	34062
mbl	386891
mboi	476
mbah	2283318
son	70863
70863	70863
sdn	192073
sfr	56812
saz	60478
sbl	62322
sbm	62322
sbn	62322
sbp	62322
sbt	62322
sbs	62322
sbb	62322
62322	62322
slo	359303
spc	24
shp	24
sse	271097
spl	70864
she	60480
shm	60481
shn	94122
shw	351745
shl	271098
swd	60961
swp	404011
svo	60217
shf	1930557
1930557	1930557
sja	93973
spsw	225848
sbj	2018305
smav	260364
shew	2029986
salg	38313
38313	38313
365590	365590
76854	76854
1810554	1810554
1810555	1810555
332186	332186
ilo	135577
ili	135577
ipi	1096243
idi	2055892
idt	2100422
cps	28229
com	58049
coz	1816218
colw	1816219
cola	2161872
cber	1967665
349064	349064
pha	228
pat	288
psm	234831
pseo	1348114
pia	152297
pphe	161398
pbw	283699
prr	43658
ptn	166935
plz	43657
paln	247523
ppis	43662
pea	28107
pspo	298657
part	394751
ptu	314281
png	28109
ptd	43659
psen	1514074
227	227
387938	387938
maq	2743
mhc	2743
mad	1033846
mbs	490759
msr	1420917
msx	1420916
mpq	330734
mari	1671721
mlq	1749259
msq	1874317
mara	2304594
amc	314275
amh	314275
amaa	314275
amal	314275
amae	314275
amao	314275
amad	314275
amai	314275
amag	314275
amac	28108
amb	28108
amg	28108
amk	28108
alt	715451
aal	589873
aaus	589873
asp	233316
asq	233316
aaw	287094
alr	2267264
ale	1777491
105692	105692
116059	116059
gag	983545
gni	300231
gps	326544
lal	1526571
cate	2172099
salh	2183582
salm	2303538
pin	357794
psy	314282
fbl	44012
mvs	80854
mya	69539
cja	155077
ceb	1945512
cell	1987723
sde	86304
86304	86304
ttu	2426
saga	447471
spoi	1620392
zal	1470434
osg	716816
mthd	252514
micc	1769779
maga	260552
mii	359370
hja	930805
cbu	777
cbs	777
cbd	777
cbg	777
cbc	777
cea	325775
cey	2054173
lpn	446
lph	446
lpo	446
lpu	446
lpm	446
lpf	446
lpp	446
lpc	446
lpa	446
lpe	446
446	446
llo	450
lfa	96230
lha	449
lok	29423
lcd	1867846
les	2005262
lsh	28087
llg	45067
tmc	451
464	464
mca	414
mmt	421
mdn	1538553
mdh	1727196
mko	702114
46896	46896
318114	318114
mah	271065
mpsy	1704499
mmai	1432792
ftu	263
ftq	263
ftf	263
ftw	263
ftr	263
ftt	263
ftg	263
ftl	263
fth	263
fta	263
fts	263
fti	263
fto	263
ftc	263
ftv	263
ftz	263
ftm	263
ftn	263
ftx	263
ftd	263
fty	263
fcf	263
fcn	622488
fhi	622488
fph	28110
fpt	28110
fpi	28110
fpm	28110
fpx	28110
fpz	28110
fpj	28110
frt	573569
fna	657445
fnl	657445
frf	1547445
fper	954
fha	549298
frx	573570
frm	475375
frc	1542390
fgu	594679
tcx	39765
tcy	147268
tao	92245
mej	754476
mec	754477
cyq	385025
cza	1329899
cyy	728003
psal	1238
tig	40754
blep	288004
noc	1229
nhl	133539
nwa	473531
alv	1049
tvi	73141
tmb	80679
mpur	37487
tee	1748243
ntt	1630141
tsy	1166950
1058	1058
aeh	351052
hha	1053
hhc	1052
1052	1052
tgr	1033854
tkm	396595
tni	186931
tti	108010
tvr	106634
ssal	1335746
spiu	1335757
ebs	1442136
aprs	160660
hna	927
haz	1860122
wma	1579979
woc	1548547
gai	437505
hch	158327
158327	158327
csa	158080
hel	2746
hcs	213554
hak	1504981
ham	1610576
hhu	1178482
hco	507626
hsi	1897729
halo	1883416
hhh	115561
hbe	475662
hag	1118153
haf	2136172
halk	272774
ple	91844
ply	91844
plr	91844
plo	91844
pld	91844
plb	91844
plc	91844
pli	91844
paly	91844
crp	114186
cru	114186
crc	114186
crt	114186
crh	114186
crv	114186
cri	114186
eme	1495769
zpl	33074
haa	376489
cmai	28258
kus	698828
kma	157779
abo	59754
adi	285091
apac	1306787
aln	1113728
axe	1094342
kak	1917421
kko	261964
kge	914150
ksd	1144748
kpd	1561924
mmw	400668
mme	119864
mpc	936476
tol	187493
tor	187493
oai	188908
mars	1821621
bsan	1249553
207954	207954
gsn	1445505
rfo	1336806
ome	141451
aha	644
ahy	644
ahd	644
ahr	644
ahp	644
ahj	644
ahh	644
ahi	644
aaj	644
644	644
asa	645
aeo	645
645	645
avr	654
avo	654
amed	651
651	651
asr	652
adh	196024
acav	648
648	648
aem	2033033
aea	1636608
arv	948519
656	656
650	650
646	646
505724	505724
1454008	1454008
tau	43948
oce	511062
ocm	1903694
opf	1416627
zdf	347534
dno	870
gap	1196095
fpp	1267021
sdf	465721
sok	2303331
gbi	1810504
slim	1620215
sva	1675686
acii	1281578
saln	2183911
tbn	1076588
seds	1543721
tsn	1427364
tho	1705394
pspi	1249552
ttc	585455
rma	386487
vok	410330
ebh	113267
bci	186490
bcib	186490
bcig	186490
gpb	83406
enm	1248727
nme	487
nmp	487
nmh	487
nmd	487
nmm	487
nms	487
nmq	487
nmz	487
nma	487
nmw	487
nmx	487
nmc	487
nmn	487
nmt	487
nmi	487
ngo	485
ngk	485
485	485
nla	486
nel	495
nwe	28091
nsi	490
nmj	488
nei	1853278
salv	1196083
kki	504
vff	63
vit	96942
ecor	539
smur	72
nba	2052837
cvi	536
cvc	1108595
chro	2059672
chri	2202141
crz	1778675
lhk	168471
pse	748280
jeu	1906741
aql	1938604
amah	332411
rso	305
rsc	305
rsl	305
rsn	305
rsm	305
rse	305
rpi	329
rpf	329
rpj	329
329	329
rmn	105219
105219	105219
rin	190721
rpu	1310165
70356	70356
211969	211969
reu	248026
reh	106590
cnc	106590
cuh	106590
rme	119219
cti	164546
cbw	68895
68895	68895
cgd	82541
ccup	1389192
cup	367825
cuu	876364
bma	13373
bmv	13373
bml	13373
bmn	13373
bmal	13373
bmae	13373
bmaq	13373
bmai	13373
bmaf	13373
bmaz	13373
bmab	13373
bps	28450
bpm	28450
bpl	28450
bpd	28450
bpr	28450
bpse	28450
bpsm	28450
bpsu	28450
bpsd	28450
bpz	28450
bpq	28450
bpk	28450
bpsh	28450
bpsa	28450
bpso	28450
but	28450
28450	28450
bte	57975
btq	57975
btj	57975
btz	57975
btd	57975
btv	57975
bthe	57975
bthm	57975
btha	57975
bthl	57975
bok	342113
boc	342113
bvi	60552
bve	60552
bur	482957
bcn	95486
bch	95486
bcm	95486
bcj	95486
bcen	95486
bcew	95486
bceo	95486
bam	152480
bac	152480
bmu	87883
bmj	87883
bmk	87883
bmul	87883
bct	292
bced	292
bcep	292
292	292
bdl	152500
bpyr	60550
bcon	488447
bub	101571
bdf	488732
blat	488446
btei	1503055
bsem	488731
bpsl	1207504
bmec	488729
bstg	1503054
bstl	95485
bgl	337
bgu	337
bug	640510
bge	640511
bgf	640512
bgd	28095
bgo	28095
byi	1097668
buk	416344
buo	758793
bue	758796
bul	1468409
buq	1678678
bgp	41899
bpla	41899
bud	1740162
buz	1804984
bum	1795043
bui	1795874
233098	233098
233799	233799
69003	69003
306678	306678
bxe	36873
bxb	36873
bph	148447
brh	412963
bpx	252970
bpy	261302
bfn	134537
bcai	75105
pspw	948107
para	1926494
parb	2026199
phs	169430
pter	311230
pgp	60548
pnu	576611
pne	576610
pdq	1835254
poh	1743172
ppk	93220
ppno	93220
ppnm	93220
prb	93220
93220	93220
ppul	93221
93221	93221
pspu	93222
93222	93222
papi	93218
93218	93218
pve	656178
pox	573737
ptx	445709
pfg	656179
pnr	93219
93219	93219
1705919	1705919
1705920	1705920
plg	29443
hyf	2268024
bpe	520
bpc	520
bper	520
bpet	520
bpeu	520
bpa	519
bpar	519
bbr	518
bbm	518
bbh	518
bbx	518
518	518
bpt	94624
bav	521
bho	35814
bhm	35814
bhz	103855
btrm	123899
bbro	463025
bfz	463014
bpdz	1331258
boh	1697043
bgm	463040
boz	2163011
axy	85698
axo	85698
axn	85698
axx	85698
85698	85698
adt	32002
ais	217204
asw	217203
achr	1758194
achb	2282475
223	223
1287738	1287738
1287735	1287735
224	224
72557	72557
1707589	1707589
1707590	1707590
teq	29575
tea	29575
teg	29575
tas	84590
tat	84590
put	1007105
aka	310575
amim	302406
cdn	75697
75697	75697
bpsi	1472345
afa	511
afq	511
511	511
aaqu	323284
108557	108557
118970	118970
phn	643674
odi	1851544
our	90245
90245	90245
pig	2488560
rfr	192843
rsb	1484693
rac	81479
rhy	1842727
pol	296591
pna	216465
pos	2268087
aav	80869
80869	80869
ajs	232721
dia	721785
aaa	80867
ack	358220
acra	1842533
acid	553814
acip	553814
acin	553814
acis	553814
acio	2478662
vei	364317
dac	80866
80866	80866
del	742013
dts	180282
dhk	1920191
518882	518882
vap	34073
vpe	34073
vpd	34073
vaa	1795631
vbo	436515
vam	2126319
218557	218557
ctt	363952
363952	363952
ctes	285
285	285
cke	225992
cser	1082851
58226	58226
213664	213664
adn	179636
adk	179636
rta	94132
cbx	1436290
oto	1658672
otk	2109914
lim	1678129
lih	1678128
hyr	1842537
hyb	795665
hyl	1763535
65786	65786
dpy	1546149
1302548	1302548
simp	2109915
melm	2116657
mela	2109913
cbaa	1458425
cbab	1458426
mpt	105560
har	204773
mms	375286
jag	55508
jab	1236179
jaz	1644131
jal	1938606
jsv	368607
hse	964
hsz	964
hht	341045
hrb	80842
hee	2025949
zin	884215
cfu	158899
care	279058
cpra	279113
mnr	1678028
masw	1707785
mass	2045208
masz	2072590
mtim	945844
masy	1593482
ofo	847
847	847
sutt	2494234
lch	34029
tin	926
thi	426114
rge	28068
rbn	316997
rdp	76731
pkt	1768242
miu	1658665
rgu	946333
aon	1296669
bbag	1469502
bbay	1834205
pbh	413882
391953	391953
36863	36863
1547922	1547922
neu	915
net	916
nit	153948
nii	261292
nco	44574
nur	44577
nmu	1231
nlc	1288494
shd	748811
metr	1842540
tbd	36861
931	931
mfa	405
405	405
mmb	359408
meh	1055487
mei	266009
mep	887061
mbac	1581680
mbat	1581557
meu	1662285
slt	63745
gca	370405
sdr	649841
sulf	1985873
fam	1188319
eba	551760
dsu	146939
rbu	1565605
rbh	1898103
dar	259537
dey	2231055
azo	62928
aza	748247
azi	198107
aoa	418699
atw	2067960
acom	41977
azd	356837
59406	59406
tmz	85643
thu	1134435
tcl	96773
thk	2005884
tak	59405
59405	59405
86174	86174
76112	76112
33058	33058
zpa	2080469
app	327160
tpn	189385
tpq	189385
tpj	1010676
kci	33056
kct	33056
kbl	233181
kbt	233181
kde	994692
kga	994695
kon	994696
kso	1576550
ssdc	669502
ndl	1160784
vfg	881286
bprc	543913
beb	1690485
beba	1904640
hpy	210
heo	210
hpj	210
hpa	210
hps	210
hhp	210
hhq	210
hhr	210
hpg	210
hpp	210
hpb	210
hpl	210
hpc	210
hca	210
hpm	210
hpe	210
hpo	210
hpi	210
hpq	210
hpw	210
hpu	210
hef	210
hpf	210
heq	210
hex	210
hpt	210
hpz	210
hpv	210
hpx	210
hen	210
hph	210
heg	210
hpn	210
hep	210
heu	210
hes	210
hpys	210
hcn	210
hpd	210
hey	210
her	210
hei	210
hpya	210
hpyk	210
hpyo	210
hpyl	210
hpyb	210
hpyc	210
hpyd	210
hpye	210
hpyf	210
hpyg	210
hpyh	210
hpyj	210
hpyr	210
hpyi	210
hpyu	210
hpym	210
hem	210
heb	210
hez	210
210	210
hhe	32025
hac	212
hms	217
hfe	214
hbi	56877
hce	138563
hcm	138563
hcp	213
hcb	213
hhm	35817
hty	76936
hbl	37372
had	135569
wsu	844
tdn	39766
sua	202747
sku	148813
sulr	1249480
cje	197
cjb	197
cjj	197
cju	197
cjn	197
cji	197
cjm	197
cjs	197
cjp	197
cjej	197
cjeu	197
cjen	197
cjei	197
cjer	197
cjv	197
cjy	197
cjq	197
cjl	197
cjw	197
cjr	197
cjd	197
cjz	197
cjx	197
197	197
cff	196
cft	196
cfv	196
cfx	196
cfz	196
camp	196
cfp	196
196	196
ccv	200
cha	76517
cco	199
ccoc	199
cla	201
clr	201
clm	201
clq	201
cln	201
cll	201
201	201
ccol	195
ccc	195
ccq	195
ccf	195
ccy	195
ccoi	195
ccof	195
ccoo	195
195	195
caj	1244531
cis	260714
cvo	1031542
cpel	488546
camr	1500960
csm	497724
csf	497724
cgra	824
cure	827
chyo	198
chv	28898
cspf	206
cpin	1965231
ccun	374106
clx	75658
cavi	522485
chw	1813019
abu	28197
abt	28197
abl	28197
28197	28197
ant	28199
arc	944547
alp	1850254
sdl	65553
sba	44674
smul	66821
shal	194424
suls	1986224
sulj	220622
nsa	269261
nis	387092
sun	387093
slh	206403
nam	244787
gsu	35554
gsk	35554
gme	28232
gur	351604
glo	313985
gbm	225194
geo	1203471
gem	443144
geb	443143
gpi	345632
gao	1340425
gsb	483547
pca	19
ppd	29543
pace	29542
29542	29542
pef	1842532
des	1603606
deu	1823759
57040	57040
dvu	881
dvl	881
dvm	881
dvg	881
dde	58180
dds	876
ddn	876
dma	184917
dsa	880
daf	873
dhy	191026
dgg	879
dfi	44742
dpg	901
def	631220
dtr	1725232
878	878
das	182210
dpi	879567
dej	1716143
pprf	57320
lip	29546
lir	29546
35833	35833
dba	899
doa	132132
drt	45663
dps	84980
dak	427923
dpr	894
deo	1986146
dsf	65555
dol	181663
dml	897
897	897
dal	259354
dat	2296
dto	28223
ade	161493
acp	161493
afw	404589
ank	447217
mxa	34
mfu	33
msd	83455
mym	1297742
mmas	35
ccx	184914
sur	41
41	41
age	48
mbd	83453
cfus	43
vin	1391653
scl	56
scu	56
56	56
ccro	52
samy	927083
llu	1391654
mrm	888845
hoh	80816
sat	316277
dao	60893
dti	2358
sfu	119484
dbr	453230
hmr	84405
dav	33002
dpb	673862
bsed	1548548
bba	959
bbat	959
bbw	959
bbac	959
bex	453816
bmx	97084
hax	2109558
bsto	960
rpr	782
rpo	782
rpw	782
rpz	782
rpg	782
rps	782
rpv	782
rpq	782
rpl	782
rpn	782
rty	785
rtt	785
rtb	785
rcm	788
rcc	788
rbe	33990
rbo	33990
rco	781
rfe	42862
rak	786
rri	783
rrj	783
rra	783
rrc	783
rrh	783
rrb	783
rrn	783
rrp	783
rrm	783
rrr	783
rms	35791
rmi	35791
rpk	47589
raf	35788
rhe	226665
rja	35790
rsv	35794
rsw	35794
rph	1105106
rau	787
rmo	33991
rpp	35792
rre	33992
ram	33989
rab	33989
rmc	109232
ric	337479
ots	784
ott	784
ptc	2115978
wol	163164
wri	66084
wen	77038
wed	77038
wpi	263437
wbm	80849
woo	100901
wcl	246273
weo	169402
ama	770
amf	770
amw	770
amp	770
acn	769
aph	948
apy	948
apd	948
apha	948
aoh	142058
eru	779
erw	779
erg	779
ecn	944
ech	945
echa	945
echj	945
echl	945
echs	945
echv	945
echw	945
echp	945
emr	35795
ehh	391036
nse	951
nri	950
nhm	33994
mmn	234827
fso	1802984
rbt	1528098
paca	91604
caq	244581
naf	1509244
eaa	86106
mlo	2066070
mln	381
381	381
mci	39645
mop	593909
mam	536018
mamo	71433
meso	1670800
mesw	278153
mes	266779
hoe	1620421
aak	83263
83263	83263
amih	374606
pht	1867719
pla	256618
rbs	2026785
sme	382
smk	382
smq	382
smx	382
smi	382
smeg	382
smel	382
smer	382
smd	110321
rhi	380
sfh	380
sfd	380
six	1842534
same	194963
sino	794846
ead	106592
eah	106592
106592	106592
esj	716925
atu	1176649
1176649	1176649
ara	358
atf	358
ata	358
358	358
avi	373
agr	861208
agc	1842536
aro	359
ret	29449
rec	29449
rel	29449
rep	29449
rei	1301032
rle	384
rlt	384
rlg	384
rlb	384
rlu	384
rtr	398
rir	424182
rhl	348824
rga	56730
rhn	1703962
rpha	396
rht	1125847
rhx	1703966
rhv	1869170
rhk	2020311
rez	1967781
267998	267998
ngl	399
ngg	399
neo	2060726
nen	1825976
las	34021
laa	34021
lat	34021
lso	556287
lcc	1273132
lar	309868
lau	34020
shz	879274
bme	29459
bmel	29459
bmi	29459
bmz	29459
bmg	29459
bmw	29459
bmee	29459
bmf	235
bmb	235
bmc	235
baa	235
babo	235
babr	235
babt	235
babb	235
babu	235
babs	235
babc	235
bms	29461
bsi	29461
bsf	29461
bsui	29461
bsup	29461
bsuv	29461
bsuc	29461
bmt	29461
bsz	29461
bsv	29461
bsw	29461
bsg	29461
bov	236
bcs	36855
bsk	36855
bol	36855
bcar	36855
bcas	36855
bmr	444163
bpp	120576
bpv	120576
bcet	120577
bcee	120577
bvl	981386
bru	1891098
oan	529
oah	529
ops	419475
och	271865
94626	94626
bja	1355477
bju	375
bjp	375
bra	114615
bbt	288000
brs	335659
aol	44255
brc	1223566
brad	376
bic	1274631
bro	115808
brk	2057741
bot	931866
brq	1404768
29448	29448
722413	722413
rpa	1076
rpb	1076
rpc	1076
rpd	1076
rpe	1076
rpt	1076
rpx	1076
nwi	913
nha	912
oca	40137
ocg	40137
oco	40137
bop	1792307
bos	1842539
bvv	1526658
vgo	1333996
bhe	38323
bhn	38323
bhs	38323
bqu	803
bqr	803
bbk	774
btr	85701
btx	85701
bgr	33045
bcd	56426
baus	388640
bvn	33047
banc	1318743
bapi	1686310
bart	1933906
bara	1933910
barw	1933904
barr	1933912
baro	515256
barj	1933907
xau	280
280	280
azc	7
sno	921
mex	408
mea	408
mdi	408
mch	408
mpo	223967
mza	29429
mrd	31998
met	426117
mno	114616
mor	334852
meta	925818
maqu	270351
mphy	418223
mee	2051553
metd	2067957
metx	739141
mets	2202825
moc	1882682
miv	2082949
bid	533
msl	199596
chel	1702325
cdq	444444
hdn	53399
hdt	53399
hmc	717785
hni	1427356
121290	121290
rva	1069
phl	531813
fil	1608628
fiy	1608628
deq	1643450
dei	2083786
bvr	1079
rhz	674703
mmyr	454601
338054	338054
msc	187303
mbry	655015
mros	173366
mtw	426
mey	1486262
maad	686597
mmed	293089
aua	1349819
brn	2304600
hci	573658
hct	573658
hcc	573658
hcd	573658
mcg	1384459
thd	1902579
psin	1235591
hdi	1482074
rbm	1862950
50057	50057
ccr	155892
ccs	155892
cak	366602
cse	88688
chq	69395
cmb	69666
cfh	1679497
pzu	284016
phb	2201350
bsb	74313
brd	1532555
bne	588932
brg	1827469
brl	1938605
bvc	41276
293	293
aex	78587
cbot	1759059
sil	89184
sit	292414
rue	2099786
rua	2293862
rmb	379347
rsp	1063
rsh	1063
rsq	1063
rsk	1063
rcp	1061
rhp	1850250
rbl	1075
jan	290400
rde	2434
rli	42443
pde	266
266	266
pami	34003
pye	147645
pcon	1945662
pzh	1077935
paro	1529068
paru	2065379
pamn	34004
pmut	1499308
pars	2259340
82367	82367
dsh	215813
kvu	92945
kvl	92945
kro	92947
psf	911045
pga	221822
pgl	221822
pgd	60890
php	1844006
ppic	1580596
phq	681157
oat	1217908
oar	53946
otm	1458307
lmd	133924
red	159346
ptp	1284658
cid	1208324
cmar	1397108
ceh	1758178
cmag	1411902
malg	42444
con	1609966
rsu	35806
35806	35806
rhm	308754
rhc	1564506
pphr	121719
hat	1579316
lap	1674922
lagg	187304
187304	187304
labr	2021862
daa	1335048
yan	1792508
ypac	311180
suam	1917485
spse	1402135
sulz	1389005
suli	2070369
suld	1968541
don	1920883
tpro	1229727
tom	299262
paby	1250539
thw	1915078
rmm	215743
rok	391613
lvs	245188
aht	74033
rbg	441209
sagu	2009329
thas	2109625
geh	2169400
rbz	1904441
mmr	74318
hne	81032
hba	2724
hbc	1690484
zmo	542
zmn	542
zmm	542
zmb	542
zmi	542
zmc	542
zmr	542
zmp	542
542	542
nar	48935
npp	702113
npn	205844
nre	158500
nov	1609758
not	1016987
sal	117207
117207	117207
sphk	1515612
sphp	292913
292913	292913
smag	33050
smaz	33050
33050	33050
ster	33052
sgi	267128
sphl	1913578
sphq	1357916
spho	1866325
sphu	310581
swi	160791
sphd	160791
160791	160791
sphm	745310
stax	1549858
sphi	1609977
ssan	397260
snj	1961362
smy	152682
span	1560345
skr	93064
splm	1938607
splk	1390395
sphj	1921510
spkc	1030157
sphc	1327635
sphf	2219696
spha	2319844
13689	13689
314266	314266
411925	411925
sjp	332056
sch	46429
ssy	627192
syb	484429
sbd	1332080
spmi	407020
sphb	1855519
sphr	1843368
sinb	332055
spht	1315974
shyd	1673076
sya	13690
sclo	120107
595605	595605
121428	121428
cij	1634516
sphg	1806885
sfla	266812
sphy	2077182
blas	1842535
bfw	1550728
rdi	1850238
364097	364097
364098	364098
eli	39960
elq	39960
ery	1648404
egn	502682
efv	192812
erk	2011159
err	2182384
aay	1267766
amx	543877
aep	361183
anh	645517
ado	692370
alb	2060312
cna	1348774
cman	450378
pns	1112
porl	1896196
phz	2023229
gox	442
goh	442
goy	442
442	442
gal	318683
gbe	364410
gbh	364410
gbc	364410
gbs	364410
acr	524
amv	62140
gdi	33996
gdj	33996
gxy	1177712
gxl	28448
kna	265960
keu	33995
ksc	265959
apt	438
apw	438
apf	438
apu	438
apg	438
apq	438
apx	438
apz	438
apk	438
asz	446692
asv	1633874
aace	435
435	435
aper	1076596
apom	65959
ato	104102
aasc	481146
acet	2259883
abg	91915
kba	153496
rgi	257708
ros	2018065
nch	320497
coq	2478912
89018	89018
rru	1085
rrf	1085
rce	34018
rpm	1084
mag	84159
mgy	55518
mgry	55518
magx	1663591
magn	1639348
azl	193
ali	193
abs	192
abq	192
abf	192
192	192
ati	528244
ahu	1226968
azt	664962
azm	682998
tmo	171437
thal	1263979
efk	1263979
txi	220697
thac	2048283
tii	1891279
magq	1288970
hjo	1549855
nao	28077
ncb	1612173
pbr	208216
mgm	1124597
pub	198252
pel	1002672
apc	744985
apm	859653
mai	349221
man	349221
pgv	991904
phr	1868589
apb	767892
afe	920
afr	920
acu	33059
acz	33059
afi	160808
1232575	1232575
maes	1921086
mfn	1921087
htl	297
32043	32043
33067	33067
47660	47660
72586	72586
79676	79676
60694	60694
bsu	1423
bsr	1423
bsl	1423
bsh	1423
bsy	1423
bsut	1423
bsul	1423
bsus	1423
bss	1423
bst	1423
bso	1423
bsn	1423
bsq	1423
bsx	1423
bsp	1423
1423	1423
bli	1402
bld	1402
1402	1402
blh	1648923
bay	492670
baq	492670
bya	492670
bamp	492670
baml	492670
bama	492670
bamn	492670
bamb	492670
bamt	492670
bamy	492670
bmp	492670
bao	1390
baz	1390
bql	1390
bxh	1390
bqy	1390
bami	1390
bamc	1390
bamf	1390
bae	1452
bvm	72361
bha	86665
ban	1392
bar	1392
bat	1392
bah	1392
bai	1392
bax	1392
bant	1392
banr	1392
bans	1392
banh	1392
banv	1392
bce	1396
bca	1396
bcz	1396
bcr	1396
bcb	1396
bcu	1396
bcg	1396
bcq	1396
bcx	1396
bal	1396
bnc	1396
bcf	1396
bcer	1396
bcef	1396
1396	1396
bcy	580165
btk	1428
btl	1428
btb	1428
btt	1428
bthr	1428
bthi	1428
btc	1428
btf	1428
btm	1428
btg	1428
bti	1428
btn	1428
btht	1428
bthu	1428
btw	1428
bthy	1428
1428	1428
bwe	1405
bww	1405
bmyo	1405
bty	155322
bmyc	64104
bby	658666
bcl	79880
79880	79880
bpu	1408
bpum	1408
bpus	1408
1408	1408
bpf	79885
bmq	1404
bmd	1404
bmh	1404
bmeg	1404
1404	1404
bco	1413
bck	1398
bag	1398
bcoa	1398
bjs	1127744
baci	666686
bif	324767
ble	300825
bmet	1471
gst	1565991
bacw	756828
bacp	1446792
bacb	1570330
baco	98228
bacy	1574141
bacl	1806506
balm	1628753
beo	135735
bsm	1479
bsj	1478
bon	665099
bgy	1664069
bfx	86664
bgi	79881
bwh	1547283
bxi	1178537
bhk	79883
bkw	199441
bbev	632773
bko	859143
balt	293387
bacs	1774743
bmur	264697
bsaf	561879
bit	1963032
1397	1397
1409	1409
84635	84635
104667	104667
1427	1427
oih	182710
ocn	2052660
gka	1462
gte	33941
gtk	33941
gtm	33938
gli	169283
gtn	33940
gwc	471223
gyc	544556
gya	550542
gct	691437
gmc	581103
ggh	1233873
gjf	1921421
1921421	1921421
gea	1629723
gel	1519377
gse	1422
1422	1422
gsr	129338
gej	1813182
gth	1426
ptl	1426
afl	33934
agn	198467
anm	1490052
aamy	294699
anl	1490057
265948	265948
axl	1449
lsp	1421
1421	1421
lgy	1145276
lfu	28031
lys	2072025
lyb	2081964
lyz	2169540
hhd	1570
hmn	402384
tap	386490
vir	403957
vhl	1482
vig	1911587
vil	2017483
vne	163877
vpn	302167
61016	61016
lao	1472767
fpn	1221500
far	255247
sje	1230341
apak	33936
1371	1371
bse	85683
sau	1280
sav	1280
saw	1280
sah	1280
saj	1280
sam	1280
sas	1280
sar	1280
sac	1280
sax	1280
saa	1280
sao	1280
sae	1280
sad	1280
suu	1280
suv	1280
sue	1280
suj	1280
suk	1280
suc	1280
sut	1280
suq	1280
suz	1280
sud	1280
sux	1280
suw	1280
sug	1280
suf	1280
saua	1280
saue	1280
saun	1280
saus	1280
sauu	1280
saug	1280
sauz	1280
saut	1280
sauj	1280
sauk	1280
sauq	1280
sauv	1280
sauw	1280
saux	1280
sauy	1280
sauf	1280
sab	1280
suy	1280
saub	1280
saum	1280
sauc	1280
saur	1280
saui	1280
saud	1280
sams	1280
1280	1280
suh	985002
sep	1282
ser	1282
sepp	1282
seps	1282
1282	1282
sha	1283
shh	1283
1283	1283
ssp	29385
sca	1281
slg	28035
sln	28035
ssd	283734
sdt	283734
swa	1292
1292	1292
spas	45972
sxy	1288
sxl	1288
sxo	1288
shu	1284
scap	29388
ssch	1295
sscz	1295
sagq	985762
seqo	246432
ssif	1286
1286	1286
scv	70255
spet	170573
slz	155085
scoh	29382
29382	29382
sscu	1296
1296	1296
snl	214473
skl	29384
sfq	46127
42858	42858
mcl	69966
mcak	1855823
macr	1898474
shv	407035
sbac	1849491
lmo	1639
lmn	1639
lmy	1639
lmt	1639
lmoc	1639
lmoe	1639
lmob	1639
lmod	1639
lmow	1639
lmoq	1639
lmr	1639
lmom	1639
lmf	1639
lmc	1639
lmog	1639
lmp	1639
lmol	1639
lmoj	1639
lmoz	1639
lmox	1639
lmh	1639
lmq	1639
lml	1639
lmg	1639
lms	1639
lmj	1639
lmw	1639
lmx	1639
lmz	1639
lmon	1639
lmos	1639
lmoo	1639
lmoy	1639
lmot	1639
lmoa	1639
lmok	1639
lmv	1639
1639	1639
lin	1642
lwe	1643
lsg	1640
liv	1638
lii	1638
liw	1638
lia	1638
lio	1638
lwi	1006155
bths	2756
esi	332410
eat	360911
ean	132920
exm	1399115
exu	1849031
got	1785995
gmo	29391
geq	2040624
bbe	1393
1393	1393
blr	1465
bfm	54913
51101	51101
pjd	324057
gym	481743
ppy	1406
ppm	1406
ppo	1406
ppol	1406
ppq	1406
ppoy	1406
pms	61624
pmq	61624
pmw	61624
pta	159743
plv	1464
psab	365617
pdu	44251
pbd	160799
pgm	189425
pod	189426
paen	1536769
paef	1536770
paeq	1536771
pste	169760
paea	1536772
paee	1536773
paeh	1536774
paej	1536775
pbj	1126833
pih	1566358
pri	483937
ppeo	59893
pnp	162209
pow	1695218
pbv	1616788
pxl	528191
pyg	1462996
pswu	1178515
pdh	414771
pib	1870820
pcx	1763538
pkb	172713
paih	867076
pvo	71995
plw	1401
649508	649508
206394	206394
tco	377615
anx	1450761
asoc	1500254
143495	143495
coh	2480923
aac	405212
aad	405212
bts	33943
kyr	2055160
tum	1903704
tab	1214604
siv	76853
ssil	76853
sob	2048654
pln	1526927
pku	1374
prt	200991
pll	1302659
pana	161360
pdg	414778
phc	1215089
pmar	192421
ppla	1038856
pfae	1598147
plx	2058136
jeo	1508404
kur	1750719
spsy	1476
spor	1930764
spop	1930546
sure	1571
spos	2283194
1474	1474
rst	241244
paek	2320858
394098	394098
ntr	1471761
lfb	37482
2026	2026
lla	1358
llk	1358
llt	1358
lls	1358
lld	1358
llx	1358
llc	1358
llm	1358
llr	1358
lln	1358
lli	1358
llw	1358
llj	1358
1358	1358
lgr	1363
lgv	1363
lpk	1364
lrn	1366
lact	2419773
spy	1314
spz	1314
spym	1314
spya	1314
spm	1314
spg	1314
sps	1314
sph	1314
spi	1314
spj	1314
spk	1314
spf	1314
spa	1314
spb	1314
stg	1314
stx	1314
soz	1314
stz	1314
spyh	1314
spyo	1314
1314	1314
spn	1313
spd	1313
spr	1313
spw	1313
sjj	1313
snv	1313
spx	1313
snt	1313
snd	1313
spnn	1313
sne	1313
spv	1313
snc	1313
snm	1313
spp	1313
sni	1313
spng	1313
snb	1313
snp	1313
snx	1313
snu	1313
spne	1313
spnu	1313
spnm	1313
spno	1313
1313	1313
sag	1311
san	1311
sak	1311
sgc	1311
sags	1311
sagl	1311
sagm	1311
sagi	1311
sagr	1311
sagp	1311
sagc	1311
sagt	1311
sage	1311
sagg	1311
sagn	1311
1311	1311
smu	1309
smc	1309
smut	1309
smj	1309
smua	1309
stc	1308
stl	1308
ste	1308
stn	1308
stu	1308
stw	1308
sthe	1308
sths	1308
1308	1308
ssa	1305
ssb	1307
ssu	1307
ssv	1307
ssi	1307
sss	1307
ssf	1307
ssw	1307
sup	1307
ssus	1307
sst	1307
ssuy	1307
ssk	1307
ssq	1307
sui	1307
suo	1307
srp	1307
ssut	1307
ssui	1307
1307	1307
sgo	1302
sez	1336
seq	1336
sezo	1336
sequ	1336
seu	1336
sub	1349
1349	1349
sds	1334
sdg	1334
sda	1334
sdc	1334
sdq	1334
sga	315405
sgg	315405
sgt	315405
smb	28037
sor	1303
stk	1348
stb	197614
197614	197614
scp	1318
scf	1318
ssr	1304
stf	1304
stj	1304
strs	1304
ssah	1304
1304	1304
std	257758
smn	59310
sif	102684
sie	1338
sib	1338
siu	1338
sang	1328
sanc	1328
sans	1328
scg	76860
scon	76860
scos	76860
soi	45634
sik	1346
siq	1346
sio	1346
siz	1346
slu	150055
sig	1156431
sip	1156433
stv	1419814
spat	1811193
stra	1759399
strn	1902136
ssob	1310
113107	113107
lpl	1590
lpj	1590
lpt	1590
lps	1590
lpr	1590
lpz	1590
lpb	1590
ljo	33959
ljf	33959
ljh	33959
ljn	33959
lac	1579
lai	1579
lad	1579
laf	1579
lsa	1599
lsl	1624
lsi	1624
lsj	1624
ldb	1584
lbu	1584
lde	1584
ldl	1584
lbr	1580
lbk	1580
lca	1597
lcz	1597
lpq	1597
lpi	1597
lpap	1597
lcb	1582
lcs	1582
lce	1582
lcw	1582
lcl	1582
lcx	1582
lga	1596
lre	1598
lrf	1598
lru	1598
lrt	1598
lrr	1598
lhe	1587
lhl	1587
lhr	1587
lhv	1587
lhh	1587
lhd	1587
lfe	1613
lfr	1613
lff	1613
lrh	47715
lrg	47715
lrl	47715
lra	47715
lro	47715
lrc	47715
lcr	47770
lam	1604
lay	1604
lbh	1581
lbn	1581
1581	1581
lke	267818
lrm	1623
lsn	1625
law	1545702
lho	1193095
lmu	97478
lae	1600
lgn	1007676
lko	637971
lhi	1074467
lku	148814
lgl	52242
lpx	60520
lor	1632
lpar	152331
lle	53444
lpd	240427
lje	109790
lcu	1138822
lct	392416
lbt	375175
lcv	28038
lah	1603
lamy	83683
lagl	1601
lzy	267363
lpg	1589
lcy	1610
laca	89059
lalw	1847728
lali	1602
ppe	1255
ppen	1255
pce	187452
pdm	51663
paci	1254
pio	114090
efa	1351
efl	1351
efi	1351
efd	1351
efs	1351
efn	1351
efq	1351
ene	1351
1351	1351
efc	1352
efau	1352
efu	1352
efm	1352
eft	1352
1352	1352
ehr	1354
1354	1354
ecas	37734
37734	37734
emu	53346
edu	53345
ega	1353
1353	1353
ess	332949
eth	417368
egv	160453
33945	33945
mps	33970
mpx	33970
thl	51669
too	526944
tkr	290335
vte	519472
vpi	633807
ooe	1247
1247	1247
lme	1245
lmm	1245
lmk	1245
1245	1245
lci	33964
lki	136609
lec	979982
lcn	1252
lgs	1244
lge	1244
llf	1246
lgc	255248
lsu	1511761
wko	165096
wce	759620
wct	759620
wci	759620
wcb	137591
wjo	1631871
wpa	1249
1629	1629
aur	1376
aun	1376
aui	51665
asan	119206
acg	87541
avs	1377
auh	128944
abae	2036206
crn	208596
cml	2751
caw	147709
carc	1564681
cdj	2748
marr	1911586
jep	1903686
jda	708126
cac	1488
cae	1488
cay	1488
cpe	1502
cpf	1502
cpr	1502
1502	1502
ctc	1513
ctet	1513
cno	1542
cbo	1491
cba	1491
cbh	1491
cby	1491
cbl	1491
cbk	1491
cbb	1491
cbi	1491
cbn	1491
cbt	1491
cbf	1491
cbm	1491
cbj	1491
1491	1491
cbe	1520
cbz	1520
cbei	1520
ckl	1534
ckr	1534
1534	1534
clj	1538
ccb	1493
cls	1042156
clb	755731
csr	36745
cpas	1501
cpat	1501
cpae	1501
1501	1501
csb	169679
cah	84023
clt	1216932
cbv	1561
csq	1548
cld	1509
1509	1509
cace	84022
cck	217159
cbut	1492
1492	1492
ctyk	1519
ceu	238834
ctae	394958
cfm	1497
cchv	46867
carg	29341
cdrk	332101
cia	182773
33953	33953
amt	208226
aoe	461876
asf	49118
asm	49118
aso	1508644
asb	1041504
gfe	1424294
1498	1498
clo	884684
fsa	236753
cth	1515
ctx	1515
ccl	288965
hsc	1677857
ruk	1834198
cce	1521
css	1510
csd	1510
cthd	84032
esr	39492
esu	39492
ccel	29343
rbp	1572656
fpla	292800
eha	253239
ral	1264
1264	1264
rch	1161942
rum	657323
rus	1160721
fpr	853
fpa	853
bpb	43305
bfi	831
831	831
bhu	185008
cle	29360
rho	301301
rix	166486
rim	166486
coo	751585
cct	116085
rob	40520
byl	1796616
rto	33039
bhan	1322
blau	1912897
33038	33038
cpy	66219
lacy	1834196
csh	84030
cso	84030
cbol	208479
208479	208479
89153	89153
29347	29347
1512	1512
bprl	649756
hsd	1679721
cpro	28446
28446	28446
lua	617123
ere	39491
ert	39491
era	39491
cdf	1496
pdc	1496
cdc	1496
cdl	1496
pdf	1496
1496	1496
eac	1731
1731	1731
cst	1511
faa	143361
psor	1505
pbq	2081703
89152	89152
sth	2734
swo	863
slp	86170
dsy	49338
dhd	49338
ddh	36854
ddl	233055
dmt	142877
drm	59610
dca	1565
dru	1564
dfg	1833852
dae	58138
dku	58135
dgi	102134
pth	110500
dau	471827
tjr	863643
sgy	51197
dor	1563
dai	885581
dmi	79209
ded	1147129
dec	1131462
drs	55583
hmo	35701
eel	39485
elm	1736
ehl	39488
1528	1528
39490	39490
awo	33952
ova	351091
tmr	73919
say	53633
sap	53633
cthm	178899
cmiu	626937
ibu	1297617
mdv	114527
euu	143393
bprm	245012
bprs	245014
tte	911092
tex	399726
thx	573062
tpd	496866
tit	108150
tmt	583357
tbo	29323
twi	46354
tki	2325
chy	129958
tep	499229
tae	499229
mta	1525
adg	42838
tpz	85874
csc	44001
ate	31899
cob	717609
chd	413888
cow	55205
cki	52765
ckn	413889
clc	52766
toc	291990
ttm	1517
tto	1517
txy	29329
tsh	28896
tnr	184064
taci	1794699
mas	252966
nth	375929
hor	31909
has	656519
hpk	2331
aar	28187
hhl	42422
fma	1260
apr	33034
pmic	33033
ped	1912856
cad	1556
vpr	29466
vat	39777
vrm	248315
med	907
mhw	1675036
meg	2144175
dpn	39950
ssg	69823
sri	971
sele	712538
selo	713030
selt	1884263
mhg	158847
puf	484770
pft	365349
2378	2378
afn	905
ain	187327
erh	1648
ers	1648
erl	1514105
euc	39483
tur	1712675
fro	1702221
erb	1834207
lpil	1555112
cpo	35786
mge	2097
mgu	2097
mgc	2097
mgq	2097
mgx	2097
mpn	2104
mpm	2104
mpj	2104
mpb	2104
mpu	2107
mpe	28227
mga	2096
mgh	2096
mgf	2096
mgn	2096
mgs	2096
mgt	2096
mgv	2096
mgw	2096
mgac	2096
mgan	2096
mgnc	2096
mgz	2096
mmy	2102
mmym	2102
mmyi	2102
mml	2102
mcp	2095
mcac	2095
mcap	2095
mcar	2095
mcai	2095
mlc	2105
mlh	2105
mmo	2118
mhy	2099
mhj	2099
mhp	2099
mhn	2099
mhyl	2099
mhyo	2099
msy	2109
mso	2109
maa	2110
mal	2110
mat	2111
mco	45361
mho	2098
mhom	2098
mcd	50052
mhr	2100
mhh	2100
mhm	2100
mhs	2100
mhv	2100
mfr	2115
mfm	2115
mfp	2115
mbv	28903
mbh	28903
mbi	28903
mbq	28903
mha	29501
mhf	29501
mss	57372
msk	57372
mpf	2123
mput	2123
mhe	136241
mwe	65123
mhl	141391
mcy	171284
mhb	209446
mpv	984991
mov	171632
mbc	45362
mcr	2113
mcm	2113
mgj	1318617
mfq	2128
mcan	29554
myt	51365
mds	86660
mgb	29556
mcas	29555
mck	29555
marg	2094
myg	1749074
mpul	48003
mbov	2112
mpho	142651
mhyv	29559
uur	134821
upa	134821
upr	134821
uue	2130
hcr	295596
poy	100379
ayw	229545
mbp	202462
pml	37692
pal	59748
nzs	59748
psol	69896
pzi	135727
acl	2148
abra	61635
apal	38986
aoc	35623
mfl	2151
mfw	2151
mchc	216427
mlac	138853
ment	2149
msyr	225999
mtab	219745
mcol	324078
elj	214888
esx	215578
efr	74700
eml	81459
scr	216933
ssyr	216945
sdi	216936
stai	2145
sapi	2137
smir	2144
smia	2144
scq	216935
ssab	216944
satr	1114980
seri	315358
stur	216946
sll	216942
skn	47834
scj	362837
shj	216938
sck	2133
sfz	216937
scou	216934
scla	2139
mbj	1541959
tbm	1911684
tbz	1911683
mtu	1773
mtv	1773
mtc	1773
mra	1773
mtf	1773
mtb	1773
mtk	1773
mtz	1773
mtg	1773
mti	1773
mte	1773
mtur	1773
mtl	1773
mto	1773
mtd	1773
mtn	1773
mtj	1773
mtub	1773
mtuc	1773
mtue	1773
mtx	1773
mtuh	1773
mtul	1773
mtut	1773
mtuu	1773
mtq	1773
mbo	1773
mbb	1773
mbt	1773
mbm	1773
mbk	1773
mbx	1773
maf	1773
mmic	1773
1773	1773
mce	78331
mcq	78331
mcv	78331
mcx	78331
mcz	78331
mle	1769
mlb	1769
1769	1769
mpa	1764
mao	1764
mavi	1764
mavu	1764
mav	1764
mit	1767
mia	1767
mid	1767
myo	1767
mir	1138383
mchi	222805
mmal	701042
mlp	64667
msa	212767
mul	1809
mmc	164756
mkm	189918
mjl	164757
mmi	1781
mmae	1781
mmm	1168287
mli	261524
mkn	1768
myv	1273687
mye	1545728
mhad	29311
myn	1570328
mdx	482462
mshg	722731
212194	212194
1004011	1004011
msm	1772
msg	1772
msb	1772
msn	1772
msh	1772
1772	1772
mva	110539
mgi	1804
msp	1804
mcb	1800
mne	1795
mgo	134601
mft	1766
1766	1766
mphl	1771
mvq	1810
mll	758802
mrh	36814
mthn	1797
mhas	46351
39687	39687
53462	53462
mab	36809
mmv	36809
mabb	36809
mabl	36809
36809	36809
mche	1774
miz	83262
mste	1520670
msao	1578165
mjd	875328
mter	1788
asd	639313
cgl	1718
cgb	1718
cgu	1718
cgt	1718
cgs	1718
cgg	1718
cgm	1718
cgj	1718
cgq	1718
cgx	1718
1718	1718
cef	152794
cdi	1717
cdp	1717
cdh	1717
cdt	1717
cde	1717
cdr	1717
cda	1717
cdz	1717
cdb	1717
cds	1717
cdd	1717
cdw	1717
cdv	1717
cdip	1717
cjk	38289
cur	43771
cua	43771
car	169292
ckp	161879
cpu	1719
cpl	1719
cpg	1719
cpp	1719
cpk	1719
cpq	1719
cpx	1719
cpz	1719
cor	1719
cop	1719
cod	1719
cos	1719
coi	1719
coe	1719
cou	1719
cpse	1719
cpsu	1719
cpsf	1719
crd	258224
cul	65058
cuc	65058
cue	65058
cun	65058
cus	65058
cuq	65058
cuz	65058
cuj	65058
cva	1727
chn	225326
ccn	1721
cter	89154
cmd	575200
caz	42817
cfn	108486
ccg	160386
cvt	38305
cgy	1404244
cax	191610
cii	156978
cuv	401472
coa	1487956
cdo	1121358
chm	1223514
csx	161899
cmq	349751
cku	35755
ccj	161896
cmv	571915
cei	1050174
cted	136857
cut	1072256
clw	1231000
cdx	1408191
csp	146827
csta	1705
ccjz	1652495
cfk	1230998
cpho	161895
cfc	28028
cgv	187491
cstr	43770
43770	43770
caqu	203263
csph	191493
camg	1697
cmin	38301
bfv	92706
1720	1720
1728	1728
nfa	37329
nfr	37329
ncy	135487
nbr	37326
nno	37330
nsl	134962
nsr	37332
ntp	455432
rha	132919
rer	1833
rey	1833
reb	1833
1833	1833
rop	37919
roa	37919
37919	37919
req	43767
43767	43767
rpy	103816
rhb	1564114
rav	191292
rfa	1828
1828	1828
rhw	679318
rhs	1653479
rrz	1830
rhu	1653478
rqi	334542
rhq	935199
rhod	1723645
rrt	1829
1829	1829
33008	33008
103808	103808
104109	104109
157732	157732
gbr	2054
gpo	84595
gor	337191
goq	1136941
gta	2055
goc	2059875
git	1004901
gru	36822
gom	2420509
tpr	2061
tsm	57704
srt	286802
dtm	499555
dit	712270
diz	2052657
dpc	139021
dlu	546160
cbq	1528099
sco	1902
salb	1886
sma	33903
sgr	1911
1911	1911
sgb	1908
1908	1908
scb	1930
ssx	862751
svl	68280
sct	29303
scy	29303
sfa	1169025
sbh	379067
shy	1912
sho	1912
1912	1912
sve	54571
54571	54571
sdv	348043
sals	1888
strp	1265601
sfi	68202
sci	42684
42684	42684
src	1226757
1226757	1226757
salu	68570
sall	68570
68570	68570
slv	1916
1916	1916
sgu	1907
1907	1907
svt	362257
stre	1262452
scw	68192
sld	47763
slc	47763
sxi	408015
strm	465541
strc	444103
samb	1889
1889	1889
spri	38300
38300	38300
scz	1649184
scx	1725411
srw	1926
strf	1751294
sle	1437453
srn	285473
spav	146923
strt	1849967
sclf	1901
1901	1901
sgs	68214
stsi	1783515
sls	1915
1915	1915
snr	1971
1971	1971
splu	1355015
strd	1561022
snw	193462
193462	193462
sauo	75293
ssia	1642299
svu	1935
1935	1935
spun	164348
sgv	553510
smal	92644
slau	39478
39478	39478
salf	67267
salj	1940
slx	1914
1914	1914
stro	1961713
sfk	1616117
1884	1884
1885	1885
1887	1887
132473	132473
1890	1890
1892	1892
29301	29301
41951	41951
1898	1898
36816	36816
1897	1897
1900	1900
116188	116188
80860	80860
1470456	1470456
42237	42237
1905	1905
1906	1906
33899	33899
1909	1909
1967	1967
324833	324833
282216	282216
67327	67327
68242	68242
55404	55404
40318	40318
38314	38314
47716	47716
1950	1950
1924	1924
691266	691266
80859	80859
1927	1927
68264	68264
285450	285450
359131	359131
1929	1929
295838	295838
285525	285525
45212	45212
93372	93372
206662	206662
1231257	1231257
201500	201500
941587	941587
285219	285219
1245024	1245024
82632	82632
932694	932694
140437	140437
1213862	1213862
171258	171258
235278	235278
1214076	1214076
1501383	1501383
1931	1931
80858	80858
67369	67369
55952	55952
29309	29309
1960	1960
1961	1961
48665	48665
1938	1938
43759	43759
ksk	2066
kab	68173
kau	1894
1894	1894
kit	2018025
2064	2064
58351	58351
stri	2126346
twh	2039
tws	2039
lxx	1575
lxy	1575
cmi	28447
cms	28447
cmc	28447
cmh	28447
ccap	28447
mts	2033
mim	1696072
mio	1714373
mix	367477
mip	1795053
mcw	84292
mpal	300019
mih	1906742
micr	1916917
maur	36805
mhos	162426
mfol	104336
36807	36807
rla	529884
rpla	535712
rtx	145458
rtc	145458
rtn	33888
cum	1561023
cub	1905847
mvd	412690
frp	1795630
agy	453304
agm	2080742
cart	670052
cry	1978566
cphy	1619308
amin	708131
aum	1987356
auw	2079575
psai	1159327
malk	279828
myl	2079792
salc	2079791
hum	2282656
gry	2419771
lyd	2419774
art	290399
arr	1118963
arm	1494608
arl	1690248
are	1704044
aaq	656366
arw	656366
arh	1588023
ary	1652545
arz	1771959
aru	1849032
arq	1357915
arn	2020486
arx	1806905
acry	37928
arth	2079227
1665	1665
1677	1677
210770	210770
1667	1667
ari	1618207
aau	43663
29320	29320
ach	85085
apn	361575
psul	121292
1671	1671
aai	256701
gar	1933880
rsa	1646
krh	72000
kpl	71999
kfv	446860
mlu	1270
1270	1270
526920	526920
rmu	43675
rdn	2047
raj	172042
satk	37927
1762963	1762963
nae	556325
aul	2170745
bcv	84757
bfa	43669
brx	1903186
brv	2017485
bgg	1331682
brz	2017484
bsau	556288
dva	1630135
jde	43674
kse	1276
dni	1274
lmoi	571913
xce	186189
iva	139208
ido	372663
cet	1980001
cceu	1710
ske	60920
cfl	1711
cfi	1708
cga	11
cez	2003551
ica	53358
ars	1658671
serj	1758689
jte	857417
946335	946335
orn	2283195
490575	490575
150395	150395
bly	1703
blin	273384
dco	1863
pac	1747
pak	1747
pav	1747
pax	1747
paz	1747
paw	1747
pad	1747
pcn	1747
pacc	1747
pach	1747
pacn	1747
cacn	1747
pra	33010
cgrn	33011
pfr	1744
pfre	1744
prl	671223
pacd	556499
ppc	1750
pbo	1748
aaci	1748
acij	2057246
mph	29405
tfl	1610493
tfa	399497
tes	1332264
tez	1909732
nca	196162
ndk	450734
1517491	1517491
35761	35761
kfl	182640
psim	2045
2045	2045
aer	2041
aez	2079793
aeb	2107713
mgg	75385
tfu	2021
nda	2014
nal	53437
ngv	280236
tcu	2020
1993	1993
360723	360723
sro	2001
457432	457432
noa	1909395
fra	106370
fre	298653
fri	298654
fal	1859
fsy	656024
ace	28049
nml	53461
gob	1861
bsd	138336
mmar	477641
kra	131568
sen	1836
1836	1836
60894	60894
svi	1852
amd	33910
amn	33910
amm	33910
amz	33910
aoi	31958
31958	31958
aja	208439
amq	1814
amyc	1896961
amyb	1911175
aab	1804986
208443	208443
1913	1913
pdx	240495
psea	445576
psee	1096868
pseh	1641402
pseq	1688404
pecq	1096856
phh	1690815
ami	40567
apre	42197
sesp	103731
kal	43357
345341	345341
kphy	860235
led	1586287
ahm	340345
acti	1612551
acad	1612552
ahg	1470176
acta	2072503
alo	1653480
pmad	530584
68170	68170
756733	756733
1933	1933
stp	168695
saq	168697
mau	47850
mil	648999
micb	2201999
mtua	479978
1874	1874
1877	1877
28040	28040
47868	47868
vma	1003110
ams	1866
ase	134676
actn	649831
afs	196914
acts	2033844
plk	2024580
plab	2108470
plat	2071627
60453	60453
cai	304895
sna	283811
ahe	28264
mcu	2051
tpy	1661
tpyo	1661
1661	1661
asg	59505
actt	2171980
amy	52773
acq	712122
aos	544580
ard	111015
avu	1912795
actp	1960083
actc	1851395
acto	2081702
ane	1655
416175	416175
blo	216816
blj	216816
bln	216816
blon	216816
blf	216816
bll	216816
blb	216816
blm	216816
blk	216816
blg	216816
blz	216816
blx	216816
bad	1680
badl	1680
bado	1680
bla	28025
blc	28025
blt	28025
bbb	28025
bbc	28025
bnm	28025
blv	28025
blw	28025
bls	28025
bani	28025
banl	28025
bni	28025
banm	28025
bde	1689
bdn	1689
bbi	1681
bbp	1681
bbf	1681
bbv	1685
bbru	1685
bbre	1685
bbrv	1685
bbrj	1685
bbrc	1685
bbrn	1685
bbrs	1685
bbrd	1685
bast	1684
btp	33905
bcor	1687
bka	630129
bks	630129
bpsp	1694
bii	1691
bang	1683
bcat	1686
bpsc	28026
bsca	158787
bact	638619
gva	2702
gvg	2702
gvh	2702
2702	2702
sij	78259
pdo	78258
tbi	2006
aey	414996
1850	1850
plan	1884913
plak	1884914
plim	573600
psuf	1884904
pvs	1884905
pvn	1884907
abam	1884634
nhi	1884915
nab	1884916
abai	1650658
rxy	49319
rrd	42256
cwo	191495
afo	53635
aym	467094
ccu	84163
shi	84110
ele	84112
eyy	502558
gpa	471189
aeq	446660
ddt	79604
apv	1382
ols	133926
olo	712411
cgo	33871
caer	74426
cbac	1531429
syn	1148
syz	1148
syy	1148
syt	1148
sys	1148
syq	1148
syj	1147
syo	2116702
syw	84588
syc	32046
syf	32046
syd	110662
sye	316279
syg	64471
syr	316278
syx	32051
syp	32049
cya	321327
cyb	321332
syne	195253
synp	1173263
synk	1280380
synr	585423
synd	585425
syu	1350461
syh	166314
synw	29410
slw	33070
syv	374982
tel	146786
thn	1394889
cgc	59930
cyi	1851505
dsl	292566
cmp	1173032
lep	111781
len	1752064
let	1080068
lbo	1184
1184	1184
hhg	1209493
pseu	82654
pma	1219
pmm	1219
pmt	1219
pmn	1219
pmi	1219
pmb	1219
pmc	1219
pmf	1219
pmg	1219
pmh	1219
pmj	1219
pme	1219
prc	1501268
prm	1501269
amr	155978
mar	1126
mpk	513223
miq	1967666
can	379064
csn	102235
cyl	2054282
hao	65093
cyu	713887
cwa	263511
72020	72020
glp	1173026
gen	1617448
gee	1615909
chon	2005460
cyt	43989
cyp	41431
cyc	65393
cyn	395961
cyh	395962
cyj	497965
ter	1206
mic	1173027
arp	118562
pagh	1160
gei	1173025
oac	118323
oni	482564
mpro	1155739
158786	158786
cep	241425
gvi	33072
glj	1416614
ana	103690
npu	272131
nos	317936
nop	28072
non	1751286
nfl	1306274
noe	1869241
261476	261476
ava	264691
naz	1164
anb	46234
acy	1165
awa	1647413
csg	142864
calo	99598
calt	32054
calh	1337936
riv	373994
fis	1752063
56108	56108
92938	92938
162986	162986
nsp	70799
ncn	1940762
cthe	54299
plp	54308
scs	102116
stan	1807358
ceo	718217
mbf	1899017
det	61435
deh	61435
deb	61435
dev	61435
deg	61435
dmc	61435
dmd	61435
dmg	61435
dmx	61435
dmy	61435
dmz	61435
duc	1522671
dly	552810
dew	943347
dfo	1839801
rrs	357808
rca	120962
cau	1108
chl	1108
1108	1108
cag	152260
hau	65
tro	500
sti	2057
atm	167964
abat	1986204
abao	1889813
cap	133453
pbf	1806508
dra	1299
dge	68909
ddr	310783
dmr	309887
dpt	55148
dgo	502394
dpd	432329
dsw	1182571
dch	1309411
dab	1768108
dpu	1182568
dez	2202254
dwu	980427
dfc	317577
tra	332249
tth	274
ttj	274
tts	274
ttl	274
tsc	37636
thc	1111069
tos	56957
taq	271
271	271
tpar	456163
tbc	56956
75891	75891
mrb	277
mre	277
msv	52022
mtai	172827
opr	187137
mhd	186192
ccz	454171
fgi	1005039
ttr	166501
ctr	813
ctd	813
ctf	813
ctrd	813
ctro	813
ctrt	813
cta	813
cty	813
cra	813
ctrq	813
ctrx	813
ctrz	813
ctrp	813
ctlj	813
ctlx	813
ctll	813
ctb	813
ctrr	813
ctlf	813
ctli	813
ctl	813
ctru	813
ctrl	813
ctrv	813
ctrm	813
ctla	813
ctlm	813
ctls	813
ctlz	813
ctlc	813
ctln	813
ctlb	813
ctlq	813
cto	813
ctrn	813
ctj	813
ctz	813
ctg	813
ctk	813
csw	813
ces	813
ctrb	813
ctre	813
ctrs	813
ctec	813
cfs	813
cfw	813
ctfw	813
ctrf	813
ctch	813
ctn	813
ctq	813
ctv	813
ctw	813
ctrg	813
ctri	813
ctra	813
ctrh	813
ctrj	813
ctrk	813
ctjt	813
ctcf	813
ctfs	813
cthf	813
ctcj	813
cthj	813
ctmj	813
cttj	813
ctjs	813
ctrc	813
ctrw	813
ctry	813
ctct	813
cmu	83560
cmur	83560
cmn	83560
cmm	83560
cmg	83560
cmx	83560
cmz	83560
cpn	83558
cpa	83558
cpj	83558
cpt	83558
clp	83558
cpm	85991
cpec	85991
cpeo	85991
cper	85991
chp	83554
chb	83554
chs	83554
chi	83554
cht	83554
chc	83554
chr	83554
cpsc	83554
cpsn	83554
cpsb	83554
cpsg	83554
cpsm	83554
cpsi	83554
cpsv	83554
cpsw	83554
cpst	83554
cpsd	83554
cpsa	83554
cav	1457141
cca	83557
cab	83555
cabo	83555
cfe	83556
cgz	1457153
chla	1967783
pcu	362787
pnl	389348
puv	83552
wch	71667
sng	83561
ote	107709
obg	1838286
obt	794903
caa	395922
amu	239935
agl	1679444
xii	1704307
min	511746
vba	1637999
vbh	2026799
rba	265606
psl	125
pir	1632865
plm	120
pbs	119
pls	1632864
plh	1636152
fmr	1891926
ttf	1331910
ges	1630693
gog	114
ipa	128
saci	466153
pbor	1387353
kst	174633
174633	174633
phm	547188
pbu	1940790
pbp	1941349
pbas	1851148
vbl	1307763
vbc	2094242
bbu	139
bbz	139
bbn	139
bbj	139
bbur	139
bga	664662
bgb	29519
bgn	29519
bgs	29519
bgc	29519
baf	29518
bafz	29518
bafh	29518
baft	29518
bafe	29518
bbs	64897
bvt	62088
bchi	1245910
bmay	1674146
btu	142
bhr	140
bhi	140
bdu	40834
bre	44449
bcw	29520
bmo	47466
bmiy	47466
bpak	141
bane	143
btur	229155
tpa	160
tpw	160
tpp	160
tpu	160
tph	160
tpo	160
tpas	160
tpc	160
tpg	160
tpm	160
tpb	160
tde	158
tsu	167
tbe	81028
taz	150829
tpi	88058
tpl	53435
tped	409322
scd	215591
tpk	221027
trm	1539298
ssm	55206
sta	154
stq	154
sfc	46355
sbu	1131703
scc	273376
sgp	1131707
slr	1307761
lil	173
lie	173
lic	173
lis	173
lbj	174
lbl	174
lbi	172
lbf	172
lst	28183
laj	28452
lmay	1137606
lkm	408139
tpx	29510
bhy	159
bhd	159
brm	84378
bpo	52584
bpj	52584
bpip	52584
bpw	52584
52584	52584
bip	84377
bhp	1287055
aba	658062
aca	33075
acm	940615
gma	940614
tsa	870903
trs	392734
abas	2211140
sus	332163
ctm	458033
abac	1855912
emi	423605
epo	1408281
eti	1408204
rsd	167965
fnu	851
fnc	851
fnt	851
fus	851
fne	851
851	851
fhw	1583098
fpd	860
fva	856
ful	861
fmo	850
850	850
fgo	849
ipo	167642
2333	2333
lba	40542
leo	712357
lot	1785996
leq	712368
str	826
smf	34105
sns	187101
tai	81462
aco	81468
tli	336261
amo	97477
sbr	651822
cpor	1197717
fsu	833
fsc	833
gau	173480
gph	1379270
gba	861299
bth	818
btho	818
bfr	817
bfs	817
bfg	817
bfb	817
817	817
bvu	821
bhl	290053
bsa	376805
bxy	371601
bdo	357276
bdh	357276
boa	28116
bcel	246787
bcac	47678
bcae	1796613
bzg	28119
bhf	28113
151276	151276
310297	310297
bacc	1400053
pgi	837
pgn	837
pgt	837
pah	28123
pcre	393921
pbt	1562970
pmuc	1642646
pet	1978337
ppn	185300
pdi	823
parc	2025876
tfo	28112
toh	712710
pary	1796646
bvs	397865
psac	1642647
osp	28118
aps	511435
pru	839
839	839
pmz	28132
pdn	28129
pit	28131
pdt	52227
pro	652716
pfus	589436
peo	76123
pje	1177574
afd	214856
ash	328814
rbc	1433126
dori	1168034
blq	1307839
asx	889453
mbas	1717717
sru	146919
srm	146919
rmr	29549
rmg	29549
rbar	1779382
cpi	79329
cbae	2029983
nko	354356
nso	446683
nia	1176587
fla	1492898
arb	1850526
ark	2341117
fln	477680
pseg	2315862
hhy	2350
sgn	1008
phe	984
pep	1727164
pcm	188932
psty	430522
pgs	363852
psn	151895
shg	743722
sht	1538644
sphn	1933220
smiz	1010
scn	995
mup	1300914
muc	1234841
mgot	1550579
muh	2305508
sbx	1986952
cmr	104
camu	320787
bbd	232259
evi	390884
est	1795355
alm	1727163
356796	356796
chu	985
dfe	94254
sli	108
srd	1379870
smon	1178516
spir	2057025
lby	316068
rsi	106
run	2259595
rup	2268026
eol	312279
fae	651143
fib	1834519
psez	2183547
als	1784714
fli	999
hsw	1446467
hym	1356852
hyd	1385664
hye	1385663
hyg	1411621
hyp	1484116
hyz	1484118
hnv	1850093
hyh	2319843
pko	400092
pact	323450
ruf	1379910
rti	512763
rud	1379909
mtt	1006
flm	1191459
fbt	1257021
aas	281120
che	249402
cec	650378
cher	247481
chk	2321403
gfo	411153
grl	1913577
gfl	1486245
grs	2126553
fjo	986
fjg	459526
fps	96345
fpc	96345
fpy	96345
fpo	96345
fpq	96345
fpv	96345
fpw	96345
fpk	96345
fpsz	96345
fbr	55197
fco	996
fin	312277
fgl	1492737
fcm	1306519
ffa	1355330
fat	1784713
fki	1678728
408956	408956
coc	1018
1018	1018
ccm	28188
col	1705617
chg	45243
capn	209053
cgh	1017
clk	327575
cspu	1019
ccyn	28189
caph	1945658
csto	1848904
rbi	252307
zpr	398743
cat	313588
ran	34085
rai	34085
rar	34085
rag	34085
rae	34085
rat	34085
34085	34085
fbc	313603
marm	1644130
mart	1836467
marb	1178778
cao	59600
cly	979
clh	979
cbal	76594
cbat	76594
wvi	1014
kdi	983548
dok	313590
ddo	326320
dod	2173169
lan	983544
lvn	1486034
laci	2057808
zga	63186
mrs	111501
mlt	516051
asl	101385
orh	28251
ori	28251
ptq	57029
ndo	328515
nom	1476901
nsd	319236
nob	2058134
pom	313598
pob	1774273
prn	996801
pola	1529069
poa	2058137
eao	1117645
emn	1117645
een	1117645
elb	172045
emg	238
238	238
ego	1756150
egm	1756149
myr	1583100
mpw	480520
mod	76832
myz	1458492
chz	878220
cgn	1324352
cih	1721091
chh	1685010
cio	253
253	253
chry	2015076
cpip	558152
ctak	536441
chrs	2478663
chrz	2039166
win	754409
wij	1936080
sze	762954
ahz	1736674
syi	1453352
tdi	669041
ten	1850252
tje	584609
tmar	107401
lut	1622118
lul	1850246
wfu	1790137
for	1336794
foh	1336795
salt	1729720
seon	1936081
aalg	616991
oll	2058135
oaq	639310
fek	1803846
taj	2069432
aue	2094025
spon	1383885
kos	2282170
marf	2027857
aqb	1714860
aqa	1714848
aqd	1714849
emar	1761453
fba	531844
fbu	1150389
smg	336810
sms	336810
smh	336810
sum	336810
smv	336810
smub	336810
smum	336810
smue	336810
smup	336810
bbl	624186
bpi	367488
bmm	39768
bcp	164514
bbg	1186051
bbq	367806
blp	1653831
blu	1316444
blck	298656
fte	191579
flu	1798018
oho	253245
ise	242600
elv	1415657
udi	670956
bbau	1690483
cte	1097
cpc	274539
clz	274537
cch	337090
cph	1096
cpb	1096
cli	1092
pvi	1094
plt	1100
pph	34090
paa	1102
proc	1868325
prs	1974213
pros	281093
cts	100716
ial	591197
mro	1134405
cprv	1457365
caci	456827
aae	63363
hya	380749
hho	547144
hys	547146
hth	940
hte	940
tal	136094
trd	75906
sul	436114
saf	309806
pmx	309805
ttk	412593
tam	228745
dte	64160
tma	2336
tmm	2336
tmi	2336
tmw	2336
tmq	2336
tmx	2336
tpt	93929
trq	126740
tna	2337
tnp	93930
thq	1157948
thz	1157947
thr	126738
tle	177758
tta	119394
phy	57487
tme	46541
taf	2421
thp	1462747
ther	1437364
fno	2424
fpe	93466
fia	2423
pmo	69499
mpz	149715
marn	1545835
dtn	1006576
kol	651457
kpf	1330330
mpg	1184387
minf	1236046
cex	693075
din	936456
ddf	197162
dap	118000
cni	477976
fsi	2352
caby	187145
dth	14
dtu	513050
tye	28262
nde	330214
nmv	42253
nio	1715989
1715989	1715989
nja	1325564
lfc	180
lfi	178606
lfp	178606
leg	1660083
tid	171695
top	1295609
tcm	1741
cthi	1653476
saal	1332188
sbe	1394711
sbag	1619070
sox	1476577
prf	1735162
bana	2026885
mox	671143
srb	1394709
srg	1643353
wwe	1394710
bgw	1620412
bbgw	1618337
mib	1618372
wba	1618600
pwo	1619007
cgw	1618633
tmg	1619077
baab	1898108
700510	700510
663362	663362
77133	77133
331677	331677
32644	32644
mja	2190
mfe	83171
mvu	73913
mfs	644281
mif	67760
mjh	1301915
mig	2189
mmp	39152
mmq	39152
mmx	39152
mmz	39152
mmd	39152
39152	39152
mae	42879
mvn	2187
mvo	2188
2188	2188
mok	155863
mth	145262
mmg	145263
metc	866790
mwo	145261
mete	2017966
metz	1898379
mst	2317
metb	1789762
msi	2173
mru	83816
meb	224719
mmil	230361
meye	1609968
mol	294671
39441	39441
mel	877455
mew	868131
meth	1379702
mfc	2162
mfi	2162
mcub	118062
msub	59277
metn	1911685
mett	2025350
mfv	2180
mka	2320
afu	2234
afg	2234
apo	84156
ave	58290
ast	1316941
fpl	54261
gac	565033
gah	113653
tac	2303
tvo	50339
pto	82076
fac	97393
fai	74969
cdiv	1673428
tar	1054217
max	1291540
mer	1406512
mear	1577791
marc	1495144
abi	379547
acf	673860
pho	53953
pab	29292
pfu	2261
pfi	2261
pyn	342949
pya	1008460
pys	1183377
pyc	1609559
tko	311400
ton	342948
tga	187878
tsi	172049
tba	55802
the	1042877
tha	246969
thm	163003
tlt	2265
ths	582419
tnu	195522
teu	1505907
tgy	110164
thv	1674923
tch	54262
tpep	53952
tpie	1712654
tgg	71997
tce	2264
tbs	54077
thh	2008440
tsl	72803
ttd	277988
tprf	49899
trl	187880
tpaf	71998
46540	46540
ppac	971279
mac	2214
mba	2208
mby	2208
mbw	2208
mbar	2208
mbak	2208
2208	2208
mma	2209
mmaz	2209
mmj	2209
mmac	2209
mvc	2215
mek	1434099
mls	170861
metm	1434100
mef	1434102
meq	1434103
msj	38027
msz	38027
msw	38027
mthe	2210
mthr	2210
2210	2210
mhor	418008
mfz	1715806
mbu	29291
mmet	2226
mmh	2176
mhaz	2177
39664	39664
mev	2322
mzh	39669
mpy	420950
mhz	101192
mtp	2224
mcj	2223
mhi	301375
mhu	2203
mla	83984
mem	2198
mbg	83986
mema	86622
2200	2200
mpi	54120
mbn	358766
mfo	882104
mpl	475088
mpd	570267
mez	1175444
rci	1175445
hal	2242
hsl	2242
hdl	751944
hhb	1407499
hje	413810
halh	1873524
hhsr	1873524
hsu	1604004
hsf	1604004
hma	2238
hhi	51589
hhn	51589
hab	1592728
hta	1932004
29282	29282
nph	2257
nmo	416273
hut	146826
hti	430914
hmu	57705
hali	1932360
harc	1679096
hwa	293091
hwc	293091
hvo	2246
hme	2252
hgi	35746
hbo	60847
haq	1547898
haj	1547899
hla	2247
srub	755307
hae	1073996
hah	756883
htu	62320
hda	588898
nmg	13769
hxa	387343
nat	406552
npe	69525
nge	44930
hru	387341
nou	29288
sali	1333523
hlr	353800
hlc	229731
naj	745377
nag	2086290
nan	2044521
nac	1737403
ape	56636
56636	56636
acj	229980
smr	2280
shc	84599
iho	160233
iis	54259
dka	94694
dfd	94694
dmu	2275
tag	54254
iag	334771
thg	1200300
53426	53426
hbu	54248
pfm	54252
pdl	1273541
sto	111955
sso	2287
sol	2287
ssoa	2287
ssol	2287
ssof	2287
2287	2287
sai	2285
sacn	2285
sacr	2285
sacs	2285
sis	43080
sia	43080
sim	43080
sid	43080
siy	43080
sin	43080
sii	43080
sih	43080
sir	43080
sic	43080
sula	1891280
2288	2288
mse	43687
mcn	1006005
mhk	79601
aho	563177
aman	282676
abri	41673
41673	41673
asul	312539
2283	2283
1071056	1071056
pai	13773
pis	2277
pcl	181486
pas	121277
pyr	1104324
pog	99007
tne	70771
pyw	1227555
cma	76887
tuz	184117
ttn	2271
2271	2271
vdi	164451
vmo	985052
tpe	2269
thb	1365176
tcb	1483572
thf	1550241
asc	242703
acia	1577685
clg	200415
ffo	683846
nmr	338192
nir	1229909
nid	1582439
nin	1580092
nkr	1510466
nct	1898749
csy	46770
nga	497727
nvn	1034015
nev	1459637
taa	1353260
ncv	2058097
csu	311458
nbv	1410606
tah	1603555
ndv	1078905
neq	160232
naa	1577684
marh	1920749
kcr	498846
barc	1700835
barb	1700836
loki	1538547
agw	1579370
arg	1579378
